{
    "epochs": [
        1,
        2,
        3,
        4,
        5,
        6,
        7,
        8,
        9,
        10,
        11,
        12,
        13,
        14,
        15,
        16,
        17,
        18,
        19,
        20,
        21,
        22,
        23,
        24,
        25,
        26,
        27,
        28,
        29,
        30,
        31,
        32,
        33,
        34,
        35,
        36,
        37,
        38,
        39,
        40,
        41,
        42,
        43,
        44,
        45,
        46,
        47,
        48,
        49,
        50,
        51,
        52,
        53,
        54,
        55,
        56,
        57,
        58,
        59,
        60,
        61,
        62,
        63,
        64,
        65,
        66,
        67,
        68,
        69,
        70,
        71,
        72,
        73,
        74,
        75,
        76,
        77,
        78,
        79,
        80,
        81,
        82,
        83,
        84,
        85,
        86,
        87,
        88,
        89,
        90,
        91,
        92,
        93,
        94,
        95,
        96,
        97,
        98,
        99,
        100,
        101
    ],
    "losses": [
        0.1429158211374896,
        0.14171462334961665,
        0.14106446174267093,
        0.14054448727406538,
        0.1398629301067371,
        0.1392837047430904,
        0.13861831350152798,
        0.13735502244720996,
        0.13310174719274812,
        0.1314501962547498,
        0.13090180226505277,
        0.13040568642158562,
        0.1299507059134082,
        0.12956347493985207,
        0.12922110283075486,
        0.12893117462391512,
        0.12864932660138906,
        0.12841770968605826,
        0.12818854985632053,
        0.12798911669797425,
        0.12777939700708021,
        0.12760258490186635,
        0.12742980180875116,
        0.1272619793924976,
        0.12709824202966633,
        0.12694110585843138,
        0.12679352885510245,
        0.12665054005435544,
        0.12648635387730905,
        0.12635313036046872,
        0.12619737905734751,
        0.12606817961140637,
        0.12594183799921918,
        0.12581014435621982,
        0.12568118231141778,
        0.1255549398699715,
        0.12544290618759973,
        0.1253069683051664,
        0.1252006701691634,
        0.12507839650098196,
        0.12497309287376952,
        0.12486162184938944,
        0.12476597797976487,
        0.12465933483123633,
        0.12454217640866697,
        0.12444168108869606,
        0.12434582635349681,
        0.12425894506471842,
        0.12414646001768784,
        0.12401799122139638,
        0.1239478596316768,
        0.12383343196780275,
        0.12372787152140402,
        0.12363108406293925,
        0.12353529682096644,
        0.12342124980282944,
        0.12334155533131981,
        0.12323686883391884,
        0.12312145241914318,
        0.12304460721299171,
        0.12294492484580792,
        0.12285199158682972,
        0.12275323823358994,
        0.12265551603979226,
        0.1225755435744824,
        0.12245263381469344,
        0.12237169460347293,
        0.12228310449916895,
        0.1221865505682714,
        0.12207870769376632,
        0.12203475631732409,
        0.12188696823854499,
        0.12179256497499626,
        0.12169735960374926,
        0.12161428624603256,
        0.12150975255169025,
        0.12141421302669411,
        0.1213163654870295,
        0.12122586213476587,
        0.1211371495589769,
        0.12104774732770032,
        0.12095742568656556,
        0.12085761299581523,
        0.12074741221102045,
        0.12066286362465801,
        0.12060964541408231,
        0.1204944271309129,
        0.12041716681837816,
        0.1203415127561199,
        0.12023246384112293,
        0.1201856421433339,
        0.12006554927788697,
        0.11999607606307904,
        0.11991518588972763,
        0.11985408551694422,
        0.1197727768792014,
        0.11969539618481176,
        0.1196026244478509,
        0.1195420214982757,
        0.1194316267520098,
        0.11940117043015859
    ]
}